,Company,Revenue Growth (%),Net Income Growth (%),Assets Growth (%),Liabilities Growth (%),Cash Flow Growth (%)
0,Apple,5.1599942280038285,11.799990464555188,8.25374519412051,8.759782825530937,10.142439510219537
1,Microsoft,24.714097069871364,21.302194834621034,23.087976552226884,22.96298929821137,17.642924477868192
2,Tesla,76.31668305241074,210.78306733605518,69.8460564894658,70.58576768529068,48.23877487637223
